stock_code,description,revenue,units_sold
22423,REGENCY CAKESTAND 3 TIER,174156.54,13851
23843,"PAPER CRAFT , LITTLE BIRDIE",168469.6,80995
85123A,WHITE HANGING HEART T-LIGHT HOLDER,104462.75,37641
47566,PARTY BUNTING,99445.23,18283
85099B,JUMBO BAG RED RETROSPOT,94159.81,48371
23166,MEDIUM CERAMIC TOP STORAGE JAR,81700.92,78033
23084,RABBIT NIGHT LIGHT,66870.03,30739
22086,PAPER CHAIN KIT 50'S CHRISTMAS,64875.59,19329
84879,ASSORTED COLOUR BIRD ORNAMENT,58927.62,36362
79321,CHILLI LIGHTS,54096.36,10302
