month,gross_revenue,cancellations,net_revenue
2010-12,821452.73,-74729.12,746723.61
2011-01,689811.61,-131363.05,558448.56
2011-02,522545.56,-25519.15,497026.41
2011-03,716215.26,-34201.28,682013.98
2011-04,536968.49,-44600.65,492367.84
2011-05,769296.61,-47202.51,722094.1
2011-06,760547.01,-70569.78,689977.23
2011-07,718076.12,-37919.13,680156.99
2011-08,746779.32,-54330.8,692448.52
2011-09,1056435.19,-38838.51,1017596.68
2011-10,1151263.73,-81895.5,1069368.23
2011-11,1503866.78,-47720.98,1456145.8
2011-12,637790.33,-205089.27,432701.06
